{
  "POST Crear Producto" : {
    "transaction" : "POST Crear Producto",
    "sampleCount" : 9423,
    "errorCount" : 1,
    "errorPct" : 0.010612331,
    "meanResTime" : 931.9321872015274,
    "medianResTime" : 951.0,
    "minResTime" : 219.0,
    "maxResTime" : 8446.0,
    "pct1ResTime" : 1178.0,
    "pct2ResTime" : 1265.0,
    "pct3ResTime" : 1532.0400000000009,
    "throughput" : 80.18550823299154,
    "receivedKBytesPerSec" : 944.3865626861465,
    "sentKBytesPerSec" : 31.475735810322085
  },
  "POST Crear Producto-0" : {
    "transaction" : "POST Crear Producto-0",
    "sampleCount" : 9422,
    "errorCount" : 0,
    "errorPct" : 0.0,
    "meanResTime" : 339.03544894926637,
    "medianResTime" : 311.0,
    "minResTime" : 195.0,
    "maxResTime" : 1111.0,
    "pct1ResTime" : 496.7000000000007,
    "pct2ResTime" : 541.0,
    "pct3ResTime" : 670.5400000000009,
    "throughput" : 80.61328382344134,
    "receivedKBytesPerSec" : 53.190534187599994,
    "sentKBytesPerSec" : 19.129910126070552
  },
  "POST Crear Producto-1" : {
    "transaction" : "POST Crear Producto-1",
    "sampleCount" : 9422,
    "errorCount" : 0,
    "errorPct" : 0.0,
    "meanResTime" : 592.9345149649763,
    "medianResTime" : 590.0,
    "minResTime" : 200.0,
    "maxResTime" : 8000.0,
    "pct1ResTime" : 789.0,
    "pct2ResTime" : 861.0,
    "pct3ResTime" : 1097.3100000000013,
    "throughput" : 80.38151788151788,
    "receivedKBytesPerSec" : 893.7404756496554,
    "sentKBytesPerSec" : 12.481114592931
  },
  "GET Listar Productos-0" : {
    "transaction" : "GET Listar Productos-0",
    "sampleCount" : 9514,
    "errorCount" : 0,
    "errorPct" : 0.0,
    "meanResTime" : 347.0502417490013,
    "medianResTime" : 316.0,
    "minResTime" : 195.0,
    "maxResTime" : 1074.0,
    "pct1ResTime" : 505.0,
    "pct2ResTime" : 571.0,
    "pct3ResTime" : 848.0,
    "throughput" : 79.40376237293229,
    "receivedKBytesPerSec" : 52.233908928541624,
    "sentKBytesPerSec" : 9.84792755992422
  },
  "Total" : {
    "transaction" : "Total",
    "sampleCount" : 56809,
    "errorCount" : 1,
    "errorPct" : 0.0017602844,
    "meanResTime" : 633.7770423700492,
    "medianResTime" : 589.0,
    "minResTime" : 195.0,
    "maxResTime" : 8446.0,
    "pct1ResTime" : 1068.0,
    "pct2ResTime" : 1168.0,
    "pct3ResTime" : 1467.9900000000016,
    "throughput" : 471.6945099471919,
    "receivedKBytesPerSec" : 3703.5605918288547,
    "sentKBytesPerSec" : 100.61425259058753
  },
  "GET Listar Productos" : {
    "transaction" : "GET Listar Productos",
    "sampleCount" : 9514,
    "errorCount" : 0,
    "errorPct" : 0.0,
    "meanResTime" : 969.5275383645138,
    "medianResTime" : 956.0,
    "minResTime" : 408.0,
    "maxResTime" : 8322.0,
    "pct1ResTime" : 1194.0,
    "pct2ResTime" : 1330.25,
    "pct3ResTime" : 3116.0,
    "throughput" : 78.99631339466605,
    "receivedKBytesPerSec" : 930.3069534208003,
    "sentKBytesPerSec" : 19.594788674067555
  },
  "GET Listar Productos-1" : {
    "transaction" : "GET Listar Productos-1",
    "sampleCount" : 9514,
    "errorCount" : 0,
    "errorPct" : 0.0,
    "meanResTime" : 621.7890477191515,
    "medianResTime" : 600.0,
    "minResTime" : 200.0,
    "maxResTime" : 7934.0,
    "pct1ResTime" : 805.0,
    "pct2ResTime" : 901.0,
    "pct3ResTime" : 2244.8500000000004,
    "throughput" : 79.56579189455903,
    "receivedKBytesPerSec" : 884.6729702292096,
    "sentKBytesPerSec" : 9.868023018172847
  }
}